window_time,magnitude_avg,sma,max_accel,max_gyro,std_accel,jerk_peak,bpm,fsm_state,fall_detected
0.411000,9.847371,4.796193,10.246007,3.526757,0.322035,14.432192,109.000000,0.000000,0
2.430000,9.687107,4.799077,10.001422,0.786037,0.144447,4.226398,117.000000,0.000000,0
