window_time,magnitude_avg,sma,max_accel,max_gyro,std_accel,jerk_peak,bpm,fsm_state,fall_detected
0.015000,10.720104,4.451269,10.931807,0.683115,0.154087,10.782576,116.000000,0.000000,0
2.812000,10.814408,4.459549,10.919018,0.105262,0.026820,1.079798,81.000000,0.000000,0
