window_time,magnitude_avg,sma,max_accel,max_gyro,std_accel,jerk_peak,bpm,fsm_state,fall_detected
2.77,9.660161,4.563974,11.38213,1.626011,0.484904,16.28213,99,0,0
4.86,9.345531,4.29681,9.606326,2.112331,0.152559,2.808237,85,0,0
