window_time,magnitude_avg,sma,max_accel,max_gyro,std_accel,jerk_peak,bpm,fsm_state,fall_detected
0.015000,10.454194,5.065229,15.829150,1.862702,2.193698,95.585541,108.000000,2.000000,0
2.808000,10.108974,4.676031,12.996907,1.352852,1.581779,62.428310,95.000000,1.000000,0
2.808000,10.108974,4.676031,12.996907,1.352852,1.581779,62.428310,95.000000,1.000000,0
