window_time,magnitude_avg,sma,max_accel,max_gyro,std_accel,jerk_peak,bpm,fsm_state,fall_detected
0.021000,12.444714,6.908895,15.377347,3.197124,2.785979,57.813217,87.000000,0.000000,0
2.021000,13.312134,7.321490,16.434923,2.872986,1.915912,41.883995,120.000000,0.000000,0
4.021000,12.682965,6.901185,15.794328,3.099046,1.938085,48.359444,114.000000,0.000000,0
