window_time,magnitude_avg,sma,max_accel,max_gyro,std_accel,jerk_peak,bpm,fsm_state,fall_detected
0.011000,9.273479,4.319665,34.021370,2.066457,3.395029,687.986694,115.000000,2.000000,0
2.011000,10.215955,4.404007,10.834421,0.983986,0.855767,64.217735,113.000000,2.000000,0
4.011000,10.920572,4.565537,11.111127,0.151753,0.061476,1.789188,113.000000,0.000000,0
