window_time,magnitude_avg,sma,max_accel,max_gyro,std_accel,jerk_peak,bpm,fsm_state,fall_detected
2.77,10.84958,4.492774,11.54054,0.139721,0.106149,14.00151,120,0,0
4.87,10.8383,4.509692,10.92462,0.164327,0.026861,2.035332,91,0,0
