window_time,magnitude_avg,sma,max_accel,max_gyro,std_accel,jerk_peak,bpm,fsm_state,fall_detected
0.030000,9.897284,4.202287,23.477245,1.795762,2.766766,691.157288,106.000000,2.000000,0
2.031000,10.684866,4.300050,10.731573,0.231234,0.041381,0.977039,106.000000,2.000000,0
4.032000,10.807547,4.304098,10.953744,0.473206,0.071363,1.346207,93.000000,3.000000,1
